player_id,strategy,n_matches,total_payoff,avg_payoff_per_match,avg_payoff_per_round
0,Always Cooperate,999,10515,10.525525525525525,2.105105105105105
1,Always Cooperate,999,10431,10.441441441441441,2.0882882882882883
2,Always Cooperate,999,10569,10.57957957957958,2.1159159159159158
3,Always Cooperate,999,10617,10.627627627627628,2.125525525525526
4,Always Cooperate,999,10545,10.555555555555555,2.111111111111111
5,Always Cooperate,999,10347,10.357357357357357,2.0714714714714715
6,Always Cooperate,999,10488,10.498498498498499,2.0996996996996997
7,Always Cooperate,999,10470,10.48048048048048,2.096096096096096
8,Always Cooperate,999,10416,10.426426426426426,2.085285285285285
9,Always Cooperate,999,10443,10.453453453453454,2.090690690690691
10,Always Cooperate,999,10350,10.36036036036036,2.0720720720720722
11,Always Cooperate,999,10407,10.417417417417417,2.0834834834834832
12,Always Cooperate,999,10518,10.528528528528529,2.105705705705706
13,Always Cooperate,999,10482,10.492492492492492,2.0984984984984982
14,Always Cooperate,999,10524,10.534534534534535,2.106906906906907
15,Always Cooperate,999,10428,10.438438438438439,2.087687687687688
16,Always Cooperate,999,10509,10.51951951951952,2.103903903903904
17,Always Cooperate,999,10470,10.48048048048048,2.096096096096096
18,Always Cooperate,999,10500,10.51051051051051,2.1021021021021022
19,Always Cooperate,999,10497,10.507507507507508,2.1015015015015015
20,Always Cooperate,999,10536,10.546546546546546,2.1093093093093094
21,Always Cooperate,999,10494,10.504504504504505,2.1009009009009008
22,Always Cooperate,999,10506,10.516516516516516,2.1033033033033033
23,Always Cooperate,999,10479,10.48948948948949,2.097897897897898
24,Always Cooperate,999,10563,10.573573573573574,2.1147147147147147
25,Always Cooperate,999,10344,10.354354354354355,2.0708708708708707
26,Always Cooperate,999,10509,10.51951951951952,2.103903903903904
27,Always Cooperate,999,10455,10.465465465465465,2.093093093093093
28,Always Cooperate,999,10467,10.477477477477477,2.0954954954954954
29,Always Cooperate,999,10488,10.498498498498499,2.0996996996996997
30,Always Cooperate,999,10479,10.48948948948949,2.097897897897898
31,Always Cooperate,999,10506,10.516516516516516,2.1033033033033033
32,Always Cooperate,999,10545,10.555555555555555,2.111111111111111
33,Always Cooperate,999,10512,10.522522522522523,2.1045045045045048
34,Always Cooperate,999,10437,10.447447447447447,2.0894894894894893
35,Always Cooperate,999,10533,10.543543543543544,2.1087087087087086
36,Always Cooperate,999,10437,10.447447447447447,2.0894894894894893
37,Always Cooperate,999,10551,10.561561561561561,2.112312312312312
38,Always Cooperate,999,10491,10.501501501501501,2.1003003003003
39,Always Cooperate,999,10446,10.456456456456456,2.091291291291291
40,Always Cooperate,999,10401,10.411411411411411,2.082282282282282
41,Always Cooperate,999,10470,10.48048048048048,2.096096096096096
42,Always Cooperate,999,10413,10.423423423423424,2.0846846846846847
43,Always Cooperate,999,10524,10.534534534534535,2.106906906906907
44,Always Cooperate,999,10548,10.558558558558559,2.111711711711712
45,Always Cooperate,999,10521,10.531531531531531,2.106306306306306
46,Always Cooperate,999,10476,10.486486486486486,2.097297297297297
47,Always Cooperate,999,10539,10.54954954954955,2.10990990990991
48,Always Cooperate,999,10413,10.423423423423424,2.0846846846846847
49,Always Cooperate,999,10509,10.51951951951952,2.103903903903904
50,Always Cooperate,999,10449,10.45945945945946,2.091891891891892
51,Always Cooperate,999,10407,10.417417417417417,2.0834834834834832
52,Always Cooperate,999,10440,10.45045045045045,2.09009009009009
53,Always Cooperate,999,10497,10.507507507507508,2.1015015015015015
54,Always Cooperate,999,10488,10.498498498498499,2.0996996996996997
55,Always Cooperate,999,10428,10.438438438438439,2.087687687687688
56,Always Cooperate,999,10488,10.498498498498499,2.0996996996996997
57,Always Cooperate,999,10476,10.486486486486486,2.097297297297297
58,Always Cooperate,999,10542,10.552552552552553,2.110510510510511
59,Always Cooperate,999,10497,10.507507507507508,2.1015015015015015
60,Always Cooperate,999,10545,10.555555555555555,2.111111111111111
61,Always Cooperate,999,10674,10.684684684684685,2.136936936936937
62,Always Cooperate,999,10446,10.456456456456456,2.091291291291291
63,Always Cooperate,999,10512,10.522522522522523,2.1045045045045048
64,Always Cooperate,999,10527,10.537537537537538,2.1075075075075076
65,Always Cooperate,999,10452,10.462462462462462,2.092492492492492
66,Always Cooperate,999,10380,10.39039039039039,2.078078078078078
67,Always Cooperate,999,10488,10.498498498498499,2.0996996996996997
68,Always Cooperate,999,10422,10.432432432432432,2.0864864864864865
69,Always Cooperate,999,10440,10.45045045045045,2.09009009009009
70,Always Cooperate,999,10425,10.435435435435435,2.0870870870870872
71,Always Cooperate,999,10377,10.387387387387387,2.077477477477477
72,Always Cooperate,999,10476,10.486486486486486,2.097297297297297
73,Always Cooperate,999,10467,10.477477477477477,2.0954954954954954
74,Always Cooperate,999,10374,10.384384384384385,2.076876876876877
75,Always Cooperate,999,10542,10.552552552552553,2.110510510510511
76,Always Cooperate,999,10551,10.561561561561561,2.112312312312312
77,Always Cooperate,999,10524,10.534534534534535,2.106906906906907
78,Always Cooperate,999,10533,10.543543543543544,2.1087087087087086
79,Always Cooperate,999,10422,10.432432432432432,2.0864864864864865
80,Always Cooperate,999,10503,10.513513513513514,2.102702702702703
81,Always Cooperate,999,10437,10.447447447447447,2.0894894894894893
82,Always Cooperate,999,10488,10.498498498498499,2.0996996996996997
83,Always Cooperate,999,10509,10.51951951951952,2.103903903903904
84,Always Cooperate,999,10467,10.477477477477477,2.0954954954954954
85,Always Cooperate,999,10533,10.543543543543544,2.1087087087087086
86,Always Cooperate,999,10452,10.462462462462462,2.092492492492492
87,Always Cooperate,999,10425,10.435435435435435,2.0870870870870872
88,Always Cooperate,999,10551,10.561561561561561,2.112312312312312
89,Always Cooperate,999,10464,10.474474474474475,2.094894894894895
90,Always Cooperate,999,10443,10.453453453453454,2.090690690690691
91,Always Cooperate,999,10488,10.498498498498499,2.0996996996996997
92,Always Cooperate,999,10476,10.486486486486486,2.097297297297297
93,Always Cooperate,999,10518,10.528528528528529,2.105705705705706
94,Always Cooperate,999,10377,10.387387387387387,2.077477477477477
95,Always Cooperate,999,10416,10.426426426426426,2.085285285285285
96,Always Cooperate,999,10491,10.501501501501501,2.1003003003003
97,Always Cooperate,999,10404,10.414414414414415,2.082882882882883
98,Always Cooperate,999,10488,10.498498498498499,2.0996996996996997
99,Always Cooperate,999,10560,10.57057057057057,2.114114114114114
100,Always Defect,999,12675,12.687687687687689,2.5375375375375375
101,Always Defect,999,12699,12.711711711711711,2.542342342342342
102,Always Defect,999,12599,12.611611611611611,2.522322322322322
103,Always Defect,999,12539,12.551551551551551,2.5103103103103104
104,Always Defect,999,12591,12.603603603603604,2.5207207207207207
105,Always Defect,999,12799,12.811811811811811,2.562362362362362
106,Always Defect,999,12567,12.57957957957958,2.515915915915916
107,Always Defect,999,12583,12.595595595595595,2.519119119119119
108,Always Defect,999,12431,12.443443443443444,2.488688688688689
109,Always Defect,999,12559,12.571571571571571,2.5143143143143143
110,Always Defect,999,12623,12.635635635635635,2.527127127127127
111,Always Defect,999,12467,12.47947947947948,2.495895895895896
112,Always Defect,999,12523,12.535535535535535,2.507107107107107
113,Always Defect,999,12455,12.467467467467467,2.493493493493493
114,Always Defect,999,12487,12.4994994994995,2.4998998998999
115,Always Defect,999,12595,12.607607607607608,2.521521521521522
116,Always Defect,999,12687,12.6996996996997,2.53993993993994
117,Always Defect,999,12571,12.583583583583584,2.516716716716717
118,Always Defect,999,12571,12.583583583583584,2.516716716716717
119,Always Defect,999,12719,12.731731731731731,2.546346346346346
120,Always Defect,999,12527,12.53953953953954,2.507907907907908
121,Always Defect,999,12607,12.61961961961962,2.523923923923924
122,Always Defect,999,12539,12.551551551551551,2.5103103103103104
123,Always Defect,999,12435,12.447447447447447,2.4894894894894892
124,Always Defect,999,12699,12.711711711711711,2.542342342342342
125,Always Defect,999,12767,12.77977977977978,2.555955955955956
126,Always Defect,999,12515,12.527527527527528,2.5055055055055058
127,Always Defect,999,12563,12.575575575575575,2.515115115115115
128,Always Defect,999,12583,12.595595595595595,2.519119119119119
129,Always Defect,999,12387,12.3993993993994,2.47987987987988
130,Always Defect,999,12543,12.555555555555555,2.511111111111111
131,Always Defect,999,12555,12.567567567567568,2.5135135135135136
132,Always Defect,999,12703,12.715715715715715,2.5431431431431433
133,Always Defect,999,12559,12.571571571571571,2.5143143143143143
134,Always Defect,999,12483,12.495495495495495,2.499099099099099
135,Always Defect,999,12563,12.575575575575575,2.515115115115115
136,Always Defect,999,12615,12.627627627627628,2.525525525525526
137,Always Defect,999,12523,12.535535535535535,2.507107107107107
138,Always Defect,999,12591,12.603603603603604,2.5207207207207207
139,Always Defect,999,12587,12.5995995995996,2.51991991991992
140,Always Defect,999,12523,12.535535535535535,2.507107107107107
141,Always Defect,999,12583,12.595595595595595,2.519119119119119
142,Always Defect,999,12619,12.631631631631631,2.526326326326326
143,Always Defect,999,12523,12.535535535535535,2.507107107107107
144,Always Defect,999,12631,12.643643643643644,2.528728728728729
145,Always Defect,999,12639,12.651651651651651,2.5303303303303304
146,Always Defect,999,12531,12.543543543543544,2.508708708708709
147,Always Defect,999,12671,12.683683683683684,2.536736736736737
148,Always Defect,999,12567,12.57957957957958,2.515915915915916
149,Always Defect,999,12471,12.483483483483484,2.496696696696697
150,Always Defect,999,12595,12.607607607607608,2.521521521521522
151,Always Defect,999,12563,12.575575575575575,2.515115115115115
152,Always Defect,999,12575,12.587587587587588,2.5175175175175175
153,Always Defect,999,12623,12.635635635635635,2.527127127127127
154,Always Defect,999,12523,12.535535535535535,2.507107107107107
155,Always Defect,999,12711,12.723723723723724,2.5447447447447447
156,Always Defect,999,12775,12.787787787787789,2.5575575575575575
157,Always Defect,999,12679,12.691691691691691,2.538338338338338
158,Always Defect,999,12723,12.735735735735735,2.547147147147147
159,Always Defect,999,12543,12.555555555555555,2.511111111111111
160,Always Defect,999,12575,12.587587587587588,2.5175175175175175
161,Always Defect,999,12523,12.535535535535535,2.507107107107107
162,Always Defect,999,12587,12.5995995995996,2.51991991991992
163,Always Defect,999,12599,12.611611611611611,2.522322322322322
164,Always Defect,999,12555,12.567567567567568,2.5135135135135136
165,Always Defect,999,12587,12.5995995995996,2.51991991991992
166,Always Defect,999,12515,12.527527527527528,2.5055055055055058
167,Always Defect,999,12535,12.547547547547548,2.5095095095095097
168,Always Defect,999,12575,12.587587587587588,2.5175175175175175
169,Always Defect,999,12559,12.571571571571571,2.5143143143143143
170,Always Defect,999,12519,12.531531531531531,2.506306306306306
171,Always Defect,999,12695,12.707707707707709,2.541541541541542
172,Always Defect,999,12719,12.731731731731731,2.546346346346346
173,Always Defect,999,12651,12.663663663663664,2.532732732732733
174,Always Defect,999,12531,12.543543543543544,2.508708708708709
175,Always Defect,999,12607,12.61961961961962,2.523923923923924
176,Always Defect,999,12627,12.63963963963964,2.527927927927928
177,Always Defect,999,12619,12.631631631631631,2.526326326326326
178,Always Defect,999,12531,12.543543543543544,2.508708708708709
179,Always Defect,999,12615,12.627627627627628,2.525525525525526
180,Always Defect,999,12495,12.507507507507508,2.501501501501502
181,Always Defect,999,12519,12.531531531531531,2.506306306306306
182,Always Defect,999,12547,12.55955955955956,2.5119119119119118
183,Always Defect,999,12607,12.61961961961962,2.523923923923924
184,Always Defect,999,12527,12.53953953953954,2.507907907907908
185,Always Defect,999,12655,12.667667667667668,2.5335335335335336
186,Always Defect,999,12483,12.495495495495495,2.499099099099099
187,Always Defect,999,12607,12.61961961961962,2.523923923923924
188,Always Defect,999,12719,12.731731731731731,2.546346346346346
189,Always Defect,999,12531,12.543543543543544,2.508708708708709
190,Always Defect,999,12551,12.563563563563564,2.512712712712713
191,Always Defect,999,12643,12.655655655655655,2.531131131131131
192,Always Defect,999,12667,12.67967967967968,2.535935935935936
193,Always Defect,999,12523,12.535535535535535,2.507107107107107
194,Always Defect,999,12635,12.647647647647648,2.5295295295295297
195,Always Defect,999,12571,12.583583583583584,2.516716716716717
196,Always Defect,999,12427,12.43943943943944,2.487887887887888
197,Always Defect,999,12683,12.695695695695695,2.539139139139139
198,Always Defect,999,12667,12.67967967967968,2.535935935935936
199,Always Defect,999,12619,12.631631631631631,2.526326326326326
200,Random(p=0.2),999,12255,12.267267267267266,2.453453453453453
201,Random(p=0.2),999,12409,12.421421421421421,2.4842842842842843
202,Random(p=0.2),999,12386,12.398398398398399,2.4796796796796796
203,Random(p=0.2),999,12336,12.348348348348349,2.4696696696696696
204,Random(p=0.2),999,12220,12.232232232232231,2.4464464464464464
205,Random(p=0.2),999,12448,12.46046046046046,2.492092092092092
206,Random(p=0.2),999,12356,12.368368368368369,2.473673673673674
207,Random(p=0.2),999,12292,12.304304304304305,2.460860860860861
208,Random(p=0.2),999,12276,12.288288288288289,2.457657657657658
209,Random(p=0.2),999,12414,12.426426426426426,2.4852852852852854
210,Random(p=0.2),999,12403,12.415415415415415,2.4830830830830832
211,Random(p=0.2),999,12291,12.303303303303304,2.4606606606606607
212,Random(p=0.2),999,12443,12.455455455455455,2.491091091091091
213,Random(p=0.2),999,12364,12.376376376376376,2.4752752752752754
214,Random(p=0.2),999,12369,12.381381381381381,2.476276276276276
215,Random(p=0.2),999,12398,12.41041041041041,2.482082082082082
216,Random(p=0.2),999,12312,12.324324324324325,2.464864864864865
217,Random(p=0.2),999,12441,12.453453453453454,2.4906906906906907
218,Random(p=0.2),999,12541,12.553553553553554,2.5107107107107107
219,Random(p=0.2),999,12433,12.445445445445445,2.489089089089089
220,Random(p=0.2),999,12495,12.507507507507508,2.501501501501502
221,Random(p=0.2),999,12376,12.388388388388389,2.477677677677678
222,Random(p=0.2),999,12400,12.412412412412412,2.4824824824824825
223,Random(p=0.2),999,12504,12.516516516516516,2.503303303303303
224,Random(p=0.2),999,12552,12.564564564564565,2.512912912912913
225,Random(p=0.2),999,12431,12.443443443443444,2.488688688688689
226,Random(p=0.2),999,12411,12.423423423423424,2.4846846846846846
227,Random(p=0.2),999,12427,12.43943943943944,2.487887887887888
228,Random(p=0.2),999,12421,12.433433433433434,2.486686686686687
229,Random(p=0.2),999,12490,12.502502502502503,2.5005005005005008
230,Random(p=0.2),999,12457,12.46946946946947,2.493893893893894
231,Random(p=0.2),999,12488,12.5005005005005,2.5001001001001
232,Random(p=0.2),999,12472,12.484484484484485,2.4968968968968968
233,Random(p=0.2),999,12423,12.435435435435435,2.487087087087087
234,Random(p=0.2),999,12443,12.455455455455455,2.491091091091091
235,Random(p=0.2),999,12489,12.501501501501501,2.5003003003003004
236,Random(p=0.2),999,12415,12.427427427427427,2.4854854854854853
237,Random(p=0.2),999,12459,12.471471471471471,2.4942942942942943
238,Random(p=0.2),999,12403,12.415415415415415,2.4830830830830832
239,Random(p=0.2),999,12375,12.387387387387387,2.4774774774774775
240,Random(p=0.2),999,12573,12.585585585585585,2.517117117117117
241,Random(p=0.2),999,12495,12.507507507507508,2.501501501501502
242,Random(p=0.2),999,12507,12.51951951951952,2.503903903903904
243,Random(p=0.2),999,12418,12.43043043043043,2.486086086086086
244,Random(p=0.2),999,12445,12.457457457457457,2.4914914914914914
245,Random(p=0.2),999,12331,12.343343343343344,2.468668668668669
246,Random(p=0.2),999,12311,12.323323323323324,2.4646646646646646
247,Random(p=0.2),999,12509,12.521521521521521,2.5043043043043043
248,Random(p=0.2),999,12392,12.404404404404405,2.480880880880881
249,Random(p=0.2),999,12431,12.443443443443444,2.488688688688689
250,Random(p=0.2),999,12295,12.307307307307306,2.4614614614614614
251,Random(p=0.2),999,12388,12.4004004004004,2.48008008008008
252,Random(p=0.2),999,12282,12.294294294294295,2.458858858858859
253,Random(p=0.2),999,12517,12.52952952952953,2.505905905905906
254,Random(p=0.2),999,12546,12.558558558558559,2.511711711711712
255,Random(p=0.2),999,12407,12.41941941941942,2.483883883883884
256,Random(p=0.2),999,12366,12.378378378378379,2.4756756756756757
257,Random(p=0.2),999,12459,12.471471471471471,2.4942942942942943
258,Random(p=0.2),999,12548,12.56056056056056,2.512112112112112
259,Random(p=0.2),999,12552,12.564564564564565,2.512912912912913
260,Random(p=0.2),999,12390,12.402402402402402,2.4804804804804803
261,Random(p=0.2),999,12450,12.462462462462462,2.4924924924924925
262,Random(p=0.2),999,12199,12.21121121121121,2.442242242242242
263,Random(p=0.2),999,12390,12.402402402402402,2.4804804804804803
264,Random(p=0.2),999,12483,12.495495495495495,2.499099099099099
265,Random(p=0.2),999,12381,12.393393393393394,2.478678678678679
266,Random(p=0.2),999,12374,12.386386386386386,2.477277277277277
267,Random(p=0.2),999,12333,12.345345345345345,2.469069069069069
268,Random(p=0.2),999,12493,12.505505505505505,2.501101101101101
269,Random(p=0.2),999,12431,12.443443443443444,2.488688688688689
270,Random(p=0.2),999,12503,12.515515515515515,2.5031031031031032
271,Random(p=0.2),999,12354,12.366366366366366,2.473273273273273
272,Random(p=0.2),999,12390,12.402402402402402,2.4804804804804803
273,Random(p=0.2),999,12453,12.465465465465465,2.4930930930930932
274,Random(p=0.2),999,12417,12.42942942942943,2.485885885885886
275,Random(p=0.2),999,12528,12.54054054054054,2.5081081081081082
276,Random(p=0.2),999,12371,12.383383383383384,2.476676676676677
277,Random(p=0.2),999,12427,12.43943943943944,2.487887887887888
278,Random(p=0.2),999,12355,12.367367367367367,2.473473473473473
279,Random(p=0.2),999,12419,12.431431431431431,2.486286286286286
280,Random(p=0.2),999,12448,12.46046046046046,2.492092092092092
281,Random(p=0.2),999,12504,12.516516516516516,2.503303303303303
282,Random(p=0.2),999,12430,12.442442442442442,2.488488488488488
283,Random(p=0.2),999,12552,12.564564564564565,2.512912912912913
284,Random(p=0.2),999,12252,12.264264264264265,2.452852852852853
285,Random(p=0.2),999,12528,12.54054054054054,2.5081081081081082
286,Random(p=0.2),999,12290,12.302302302302301,2.4604604604604603
287,Random(p=0.2),999,12327,12.33933933933934,2.467867867867868
288,Random(p=0.2),999,12421,12.433433433433434,2.486686686686687
289,Random(p=0.2),999,12343,12.355355355355355,2.471071071071071
290,Random(p=0.2),999,12432,12.444444444444445,2.488888888888889
291,Random(p=0.2),999,12608,12.62062062062062,2.524124124124124
292,Random(p=0.2),999,12429,12.441441441441441,2.488288288288288
293,Random(p=0.2),999,12427,12.43943943943944,2.487887887887888
294,Random(p=0.2),999,12456,12.468468468468469,2.493693693693694
295,Random(p=0.2),999,12402,12.414414414414415,2.482882882882883
296,Random(p=0.2),999,12297,12.30930930930931,2.4618618618618617
297,Random(p=0.2),999,12563,12.575575575575575,2.515115115115115
298,Random(p=0.2),999,12351,12.363363363363364,2.472672672672673
299,Random(p=0.2),999,12462,12.474474474474475,2.494894894894895
300,Random(p=0.4),999,12139,12.15115115115115,2.4302302302302303
301,Random(p=0.4),999,12270,12.282282282282281,2.4564564564564564
302,Random(p=0.4),999,12031,12.043043043043044,2.408608608608609
303,Random(p=0.4),999,12205,12.217217217217216,2.443443443443443
304,Random(p=0.4),999,12035,12.047047047047046,2.409409409409409
305,Random(p=0.4),999,12014,12.026026026026026,2.4052052052052053
306,Random(p=0.4),999,12212,12.224224224224224,2.444844844844845
307,Random(p=0.4),999,12210,12.222222222222221,2.444444444444444
308,Random(p=0.4),999,12155,12.167167167167166,2.433433433433433
309,Random(p=0.4),999,12149,12.16116116116116,2.432232232232232
310,Random(p=0.4),999,12192,12.204204204204204,2.440840840840841
311,Random(p=0.4),999,12037,12.04904904904905,2.40980980980981
312,Random(p=0.4),999,12055,12.067067067067066,2.413413413413413
313,Random(p=0.4),999,12049,12.06106106106106,2.412212212212212
314,Random(p=0.4),999,12201,12.213213213213214,2.442642642642643
315,Random(p=0.4),999,12058,12.07007007007007,2.414014014014014
316,Random(p=0.4),999,12152,12.164164164164164,2.432832832832833
317,Random(p=0.4),999,12213,12.225225225225225,2.445045045045045
318,Random(p=0.4),999,12116,12.128128128128129,2.4256256256256257
319,Random(p=0.4),999,12273,12.285285285285285,2.457057057057057
320,Random(p=0.4),999,11909,11.92092092092092,2.384184184184184
321,Random(p=0.4),999,12321,12.333333333333334,2.466666666666667
322,Random(p=0.4),999,12098,12.11011011011011,2.422022022022022
323,Random(p=0.4),999,12153,12.165165165165165,2.433033033033033
324,Random(p=0.4),999,12257,12.26926926926927,2.453853853853854
325,Random(p=0.4),999,12124,12.136136136136136,2.427227227227227
326,Random(p=0.4),999,12169,12.18118118118118,2.436236236236236
327,Random(p=0.4),999,12021,12.033033033033034,2.4066066066066067
328,Random(p=0.4),999,12038,12.05005005005005,2.41001001001001
329,Random(p=0.4),999,12163,12.175175175175175,2.435035035035035
330,Random(p=0.4),999,12212,12.224224224224224,2.444844844844845
331,Random(p=0.4),999,12191,12.203203203203204,2.4406406406406407
332,Random(p=0.4),999,12248,12.26026026026026,2.452052052052052
333,Random(p=0.4),999,12044,12.056056056056056,2.411211211211211
334,Random(p=0.4),999,12353,12.365365365365365,2.4730730730730732
335,Random(p=0.4),999,12131,12.143143143143144,2.428628628628629
336,Random(p=0.4),999,12025,12.037037037037036,2.4074074074074074
337,Random(p=0.4),999,12029,12.04104104104104,2.408208208208208
338,Random(p=0.4),999,12112,12.124124124124124,2.424824824824825
339,Random(p=0.4),999,12118,12.13013013013013,2.426026026026026
340,Random(p=0.4),999,12076,12.088088088088089,2.417617617617618
341,Random(p=0.4),999,12247,12.25925925925926,2.4518518518518517
342,Random(p=0.4),999,12038,12.05005005005005,2.41001001001001
343,Random(p=0.4),999,12117,12.12912912912913,2.425825825825826
344,Random(p=0.4),999,11933,11.944944944944945,2.388988988988989
345,Random(p=0.4),999,12120,12.132132132132131,2.4264264264264264
346,Random(p=0.4),999,12070,12.082082082082081,2.4164164164164164
347,Random(p=0.4),999,12160,12.172172172172171,2.434434434434434
348,Random(p=0.4),999,12133,12.145145145145145,2.429029029029029
349,Random(p=0.4),999,12029,12.04104104104104,2.408208208208208
350,Random(p=0.4),999,12247,12.25925925925926,2.4518518518518517
351,Random(p=0.4),999,12143,12.155155155155155,2.431031031031031
352,Random(p=0.4),999,12183,12.195195195195195,2.439039039039039
353,Random(p=0.4),999,12222,12.234234234234235,2.4468468468468467
354,Random(p=0.4),999,12040,12.052052052052051,2.4104104104104103
355,Random(p=0.4),999,12291,12.303303303303304,2.4606606606606607
356,Random(p=0.4),999,12195,12.207207207207206,2.4414414414414414
357,Random(p=0.4),999,12137,12.14914914914915,2.42982982982983
358,Random(p=0.4),999,12046,12.058058058058059,2.4116116116116117
359,Random(p=0.4),999,11946,11.957957957957959,2.3915915915915917
360,Random(p=0.4),999,12148,12.16016016016016,2.432032032032032
361,Random(p=0.4),999,12179,12.19119119119119,2.438238238238238
362,Random(p=0.4),999,12076,12.088088088088089,2.417617617617618
363,Random(p=0.4),999,12020,12.032032032032031,2.4064064064064064
364,Random(p=0.4),999,12161,12.173173173173174,2.4346346346346346
365,Random(p=0.4),999,11994,12.006006006006006,2.401201201201201
366,Random(p=0.4),999,12159,12.17117117117117,2.4342342342342342
367,Random(p=0.4),999,12213,12.225225225225225,2.445045045045045
368,Random(p=0.4),999,12217,12.22922922922923,2.445845845845846
369,Random(p=0.4),999,12158,12.17017017017017,2.434034034034034
370,Random(p=0.4),999,12081,12.093093093093094,2.418618618618619
371,Random(p=0.4),999,12128,12.14014014014014,2.428028028028028
372,Random(p=0.4),999,12079,12.09109109109109,2.418218218218218
373,Random(p=0.4),999,12058,12.07007007007007,2.414014014014014
374,Random(p=0.4),999,12083,12.095095095095095,2.419019019019019
375,Random(p=0.4),999,11984,11.995995995995996,2.399199199199199
376,Random(p=0.4),999,12306,12.318318318318319,2.463663663663664
377,Random(p=0.4),999,12124,12.136136136136136,2.427227227227227
378,Random(p=0.4),999,12073,12.085085085085085,2.417017017017017
379,Random(p=0.4),999,12096,12.108108108108109,2.4216216216216218
380,Random(p=0.4),999,12069,12.08108108108108,2.416216216216216
381,Random(p=0.4),999,12211,12.223223223223224,2.4446446446446446
382,Random(p=0.4),999,12220,12.232232232232231,2.4464464464464464
383,Random(p=0.4),999,12177,12.18918918918919,2.437837837837838
384,Random(p=0.4),999,12208,12.22022022022022,2.444044044044044
385,Random(p=0.4),999,12153,12.165165165165165,2.433033033033033
386,Random(p=0.4),999,12289,12.3013013013013,2.4602602602602603
387,Random(p=0.4),999,12252,12.264264264264265,2.452852852852853
388,Random(p=0.4),999,12163,12.175175175175175,2.435035035035035
389,Random(p=0.4),999,12032,12.044044044044044,2.408808808808809
390,Random(p=0.4),999,12223,12.235235235235235,2.447047047047047
391,Random(p=0.4),999,12170,12.182182182182181,2.4364364364364364
392,Random(p=0.4),999,12165,12.177177177177176,2.4354354354354353
393,Random(p=0.4),999,12092,12.104104104104104,2.420820820820821
394,Random(p=0.4),999,12049,12.06106106106106,2.412212212212212
395,Random(p=0.4),999,12014,12.026026026026026,2.4052052052052053
396,Random(p=0.4),999,12159,12.17117117117117,2.4342342342342342
397,Random(p=0.4),999,12048,12.06006006006006,2.412012012012012
398,Random(p=0.4),999,12057,12.06906906906907,2.413813813813814
399,Random(p=0.4),999,12119,12.13113113113113,2.426226226226226
400,Random(p=0.6),999,11692,11.703703703703704,2.340740740740741
401,Random(p=0.6),999,11690,11.701701701701701,2.34034034034034
402,Random(p=0.6),999,11848,11.85985985985986,2.371971971971972
403,Random(p=0.6),999,11746,11.757757757757759,2.3515515515515517
404,Random(p=0.6),999,11725,11.736736736736736,2.3473473473473474
405,Random(p=0.6),999,11661,11.672672672672673,2.3345345345345345
406,Random(p=0.6),999,11805,11.816816816816816,2.363363363363363
407,Random(p=0.6),999,11889,11.9009009009009,2.3801801801801803
408,Random(p=0.6),999,11771,11.782782782782784,2.3565565565565567
409,Random(p=0.6),999,11710,11.721721721721721,2.344344344344344
410,Random(p=0.6),999,11752,11.763763763763764,2.3527527527527528
411,Random(p=0.6),999,11711,11.722722722722724,2.3445445445445445
412,Random(p=0.6),999,11837,11.84884884884885,2.36976976976977
413,Random(p=0.6),999,11662,11.673673673673674,2.334734734734735
414,Random(p=0.6),999,11777,11.78878878878879,2.3577577577577578
415,Random(p=0.6),999,11787,11.7987987987988,2.35975975975976
416,Random(p=0.6),999,11737,11.74874874874875,2.34974974974975
417,Random(p=0.6),999,11710,11.721721721721721,2.344344344344344
418,Random(p=0.6),999,11604,11.615615615615615,2.323123123123123
419,Random(p=0.6),999,11797,11.80880880880881,2.3617617617617617
420,Random(p=0.6),999,11701,11.712712712712714,2.342542542542543
421,Random(p=0.6),999,11706,11.717717717717719,2.343543543543544
422,Random(p=0.6),999,11944,11.955955955955956,2.391191191191191
423,Random(p=0.6),999,11846,11.857857857857859,2.3715715715715717
424,Random(p=0.6),999,11778,11.78978978978979,2.357957957957958
425,Random(p=0.6),999,11657,11.66866866866867,2.333733733733734
426,Random(p=0.6),999,11701,11.712712712712714,2.342542542542543
427,Random(p=0.6),999,11806,11.817817817817819,2.363563563563564
428,Random(p=0.6),999,11806,11.817817817817819,2.363563563563564
429,Random(p=0.6),999,11821,11.832832832832834,2.3665665665665667
430,Random(p=0.6),999,11721,11.732732732732734,2.3465465465465467
431,Random(p=0.6),999,11757,11.76876876876877,2.353753753753754
432,Random(p=0.6),999,11641,11.652652652652653,2.3305305305305306
433,Random(p=0.6),999,11691,11.702702702702704,2.3405405405405406
434,Random(p=0.6),999,11753,11.764764764764765,2.352952952952953
435,Random(p=0.6),999,11737,11.74874874874875,2.34974974974975
436,Random(p=0.6),999,11583,11.594594594594595,2.3189189189189188
437,Random(p=0.6),999,11648,11.65965965965966,2.331931931931932
438,Random(p=0.6),999,11790,11.801801801801801,2.3603603603603602
439,Random(p=0.6),999,11815,11.826826826826826,2.3653653653653652
440,Random(p=0.6),999,11622,11.633633633633634,2.3267267267267266
441,Random(p=0.6),999,11703,11.714714714714715,2.342942942942943
442,Random(p=0.6),999,11668,11.67967967967968,2.335935935935936
443,Random(p=0.6),999,11690,11.701701701701701,2.34034034034034
444,Random(p=0.6),999,11677,11.68868868868869,2.3377377377377377
445,Random(p=0.6),999,11813,11.824824824824825,2.364964964964965
446,Random(p=0.6),999,11614,11.625625625625625,2.3251251251251253
447,Random(p=0.6),999,11676,11.687687687687689,2.337537537537538
448,Random(p=0.6),999,11719,11.73073073073073,2.346146146146146
449,Random(p=0.6),999,11724,11.735735735735735,2.347147147147147
450,Random(p=0.6),999,11728,11.73973973973974,2.347947947947948
451,Random(p=0.6),999,11762,11.773773773773774,2.354754754754755
452,Random(p=0.6),999,11725,11.736736736736736,2.3473473473473474
453,Random(p=0.6),999,11659,11.67067067067067,2.334134134134134
454,Random(p=0.6),999,11760,11.771771771771771,2.354354354354354
455,Random(p=0.6),999,11679,11.69069069069069,2.338138138138138
456,Random(p=0.6),999,11848,11.85985985985986,2.371971971971972
457,Random(p=0.6),999,11853,11.864864864864865,2.372972972972973
458,Random(p=0.6),999,11777,11.78878878878879,2.3577577577577578
459,Random(p=0.6),999,11670,11.681681681681681,2.3363363363363363
460,Random(p=0.6),999,11693,11.704704704704705,2.340940940940941
461,Random(p=0.6),999,11775,11.786786786786786,2.3573573573573574
462,Random(p=0.6),999,11658,11.66966966966967,2.333933933933934
463,Random(p=0.6),999,11509,11.52052052052052,2.304104104104104
464,Random(p=0.6),999,11776,11.787787787787789,2.357557557557558
465,Random(p=0.6),999,11849,11.86086086086086,2.372172172172172
466,Random(p=0.6),999,11751,11.762762762762764,2.352552552552553
467,Random(p=0.6),999,11625,11.636636636636636,2.3273273273273274
468,Random(p=0.6),999,11723,11.734734734734735,2.346946946946947
469,Random(p=0.6),999,11833,11.844844844844845,2.368968968968969
470,Random(p=0.6),999,11754,11.765765765765765,2.353153153153153
471,Random(p=0.6),999,11718,11.72972972972973,2.345945945945946
472,Random(p=0.6),999,11673,11.684684684684685,2.336936936936937
473,Random(p=0.6),999,11702,11.713713713713714,2.3427427427427427
474,Random(p=0.6),999,11755,11.766766766766766,2.353353353353353
475,Random(p=0.6),999,11853,11.864864864864865,2.372972972972973
476,Random(p=0.6),999,11715,11.726726726726726,2.3453453453453452
477,Random(p=0.6),999,11840,11.851851851851851,2.3703703703703702
478,Random(p=0.6),999,11692,11.703703703703704,2.340740740740741
479,Random(p=0.6),999,11753,11.764764764764765,2.352952952952953
480,Random(p=0.6),999,11749,11.76076076076076,2.352152152152152
481,Random(p=0.6),999,11531,11.542542542542543,2.308508508508509
482,Random(p=0.6),999,11849,11.86086086086086,2.372172172172172
483,Random(p=0.6),999,11716,11.727727727727729,2.3455455455455456
484,Random(p=0.6),999,11606,11.617617617617618,2.323523523523524
485,Random(p=0.6),999,11846,11.857857857857859,2.3715715715715717
486,Random(p=0.6),999,11724,11.735735735735735,2.347147147147147
487,Random(p=0.6),999,11660,11.671671671671671,2.334334334334334
488,Random(p=0.6),999,11590,11.601601601601601,2.32032032032032
489,Random(p=0.6),999,11751,11.762762762762764,2.352552552552553
490,Random(p=0.6),999,11749,11.76076076076076,2.352152152152152
491,Random(p=0.6),999,11757,11.76876876876877,2.353753753753754
492,Random(p=0.6),999,11705,11.716716716716716,2.343343343343343
493,Random(p=0.6),999,11706,11.717717717717719,2.343543543543544
494,Random(p=0.6),999,11643,11.654654654654655,2.330930930930931
495,Random(p=0.6),999,11665,11.676676676676676,2.335335335335335
496,Random(p=0.6),999,11795,11.806806806806806,2.3613613613613613
497,Random(p=0.6),999,11784,11.795795795795796,2.359159159159159
498,Random(p=0.6),999,11756,11.767767767767769,2.353553553553554
499,Random(p=0.6),999,11738,11.74974974974975,2.34994994994995
500,Random(p=0.8),999,11182,11.193193193193194,2.2386386386386388
501,Random(p=0.8),999,11082,11.093093093093094,2.2186186186186188
502,Random(p=0.8),999,11228,11.23923923923924,2.247847847847848
503,Random(p=0.8),999,11115,11.126126126126126,2.225225225225225
504,Random(p=0.8),999,11220,11.23123123123123,2.2462462462462462
505,Random(p=0.8),999,11223,11.234234234234235,2.246846846846847
506,Random(p=0.8),999,11202,11.213213213213214,2.2426426426426427
507,Random(p=0.8),999,11314,11.325325325325325,2.265065065065065
508,Random(p=0.8),999,11240,11.25125125125125,2.25025025025025
509,Random(p=0.8),999,11150,11.16116116116116,2.2322322322322323
510,Random(p=0.8),999,11313,11.324324324324325,2.264864864864865
511,Random(p=0.8),999,11259,11.27027027027027,2.254054054054054
512,Random(p=0.8),999,11149,11.16016016016016,2.232032032032032
513,Random(p=0.8),999,11195,11.206206206206206,2.2412412412412412
514,Random(p=0.8),999,11268,11.27927927927928,2.255855855855856
515,Random(p=0.8),999,11265,11.276276276276276,2.255255255255255
516,Random(p=0.8),999,11091,11.102102102102101,2.22042042042042
517,Random(p=0.8),999,11142,11.153153153153154,2.230630630630631
518,Random(p=0.8),999,11202,11.213213213213214,2.2426426426426427
519,Random(p=0.8),999,11197,11.208208208208209,2.2416416416416416
520,Random(p=0.8),999,11101,11.112112112112111,2.2224224224224223
521,Random(p=0.8),999,11082,11.093093093093094,2.2186186186186188
522,Random(p=0.8),999,11264,11.275275275275275,2.255055055055055
523,Random(p=0.8),999,11026,11.037037037037036,2.2074074074074073
524,Random(p=0.8),999,11181,11.192192192192191,2.2384384384384384
525,Random(p=0.8),999,11101,11.112112112112111,2.2224224224224223
526,Random(p=0.8),999,11243,11.254254254254255,2.250850850850851
527,Random(p=0.8),999,11243,11.254254254254255,2.250850850850851
528,Random(p=0.8),999,11108,11.11911911911912,2.2238238238238237
529,Random(p=0.8),999,11118,11.12912912912913,2.225825825825826
530,Random(p=0.8),999,11221,11.232232232232231,2.246446446446446
531,Random(p=0.8),999,11118,11.12912912912913,2.225825825825826
532,Random(p=0.8),999,11088,11.0990990990991,2.21981981981982
533,Random(p=0.8),999,11153,11.164164164164164,2.232832832832833
534,Random(p=0.8),999,11171,11.182182182182181,2.236436436436436
535,Random(p=0.8),999,11203,11.214214214214214,2.242842842842843
536,Random(p=0.8),999,11001,11.012012012012011,2.2024024024024023
537,Random(p=0.8),999,11293,11.304304304304305,2.260860860860861
538,Random(p=0.8),999,11128,11.13913913913914,2.227827827827828
539,Random(p=0.8),999,11142,11.153153153153154,2.230630630630631
540,Random(p=0.8),999,11155,11.166166166166166,2.233233233233233
541,Random(p=0.8),999,11019,11.03003003003003,2.206006006006006
542,Random(p=0.8),999,11243,11.254254254254255,2.250850850850851
543,Random(p=0.8),999,11125,11.136136136136136,2.2272272272272273
544,Random(p=0.8),999,11032,11.043043043043044,2.2086086086086087
545,Random(p=0.8),999,11214,11.225225225225225,2.245045045045045
546,Random(p=0.8),999,11173,11.184184184184184,2.236836836836837
547,Random(p=0.8),999,11011,11.022022022022021,2.2044044044044044
548,Random(p=0.8),999,11099,11.11011011011011,2.222022022022022
549,Random(p=0.8),999,11136,11.147147147147146,2.2294294294294295
550,Random(p=0.8),999,11192,11.203203203203204,2.240640640640641
551,Random(p=0.8),999,11192,11.203203203203204,2.240640640640641
552,Random(p=0.8),999,11145,11.156156156156156,2.2312312312312312
553,Random(p=0.8),999,11012,11.023023023023024,2.204604604604605
554,Random(p=0.8),999,11255,11.266266266266266,2.253253253253253
555,Random(p=0.8),999,11167,11.178178178178179,2.235635635635636
556,Random(p=0.8),999,11281,11.292292292292291,2.2584584584584584
557,Random(p=0.8),999,11267,11.278278278278279,2.255655655655656
558,Random(p=0.8),999,11137,11.148148148148149,2.22962962962963
559,Random(p=0.8),999,11074,11.085085085085085,2.217017017017017
560,Random(p=0.8),999,11207,11.218218218218219,2.2436436436436438
561,Random(p=0.8),999,11053,11.064064064064064,2.212812812812813
562,Random(p=0.8),999,11269,11.28028028028028,2.256056056056056
563,Random(p=0.8),999,11273,11.284284284284285,2.256856856856857
564,Random(p=0.8),999,11143,11.154154154154154,2.230830830830831
565,Random(p=0.8),999,11171,11.182182182182181,2.236436436436436
566,Random(p=0.8),999,11161,11.172172172172171,2.2344344344344345
567,Random(p=0.8),999,11155,11.166166166166166,2.233233233233233
568,Random(p=0.8),999,11143,11.154154154154154,2.230830830830831
569,Random(p=0.8),999,10997,11.008008008008009,2.2016016016016016
570,Random(p=0.8),999,11189,11.2002002002002,2.24004004004004
571,Random(p=0.8),999,11087,11.098098098098099,2.21961961961962
572,Random(p=0.8),999,11083,11.094094094094094,2.2188188188188187
573,Random(p=0.8),999,11238,11.24924924924925,2.24984984984985
574,Random(p=0.8),999,11143,11.154154154154154,2.230830830830831
575,Random(p=0.8),999,11131,11.142142142142141,2.2284284284284284
576,Random(p=0.8),999,11150,11.16116116116116,2.2322322322322323
577,Random(p=0.8),999,11145,11.156156156156156,2.2312312312312312
578,Random(p=0.8),999,11215,11.226226226226226,2.245245245245245
579,Random(p=0.8),999,11217,11.228228228228229,2.245645645645646
580,Random(p=0.8),999,11110,11.12112112112112,2.224224224224224
581,Random(p=0.8),999,11170,11.18118118118118,2.2362362362362362
582,Random(p=0.8),999,11147,11.158158158158159,2.2316316316316316
583,Random(p=0.8),999,11180,11.19119119119119,2.238238238238238
584,Random(p=0.8),999,11177,11.188188188188189,2.2376376376376377
585,Random(p=0.8),999,11183,11.194194194194194,2.2388388388388387
586,Random(p=0.8),999,11115,11.126126126126126,2.225225225225225
587,Random(p=0.8),999,11140,11.15115115115115,2.23023023023023
588,Random(p=0.8),999,11330,11.34134134134134,2.268268268268268
589,Random(p=0.8),999,11169,11.18018018018018,2.236036036036036
590,Random(p=0.8),999,11185,11.196196196196196,2.239239239239239
591,Random(p=0.8),999,11061,11.072072072072071,2.2144144144144144
592,Random(p=0.8),999,11198,11.20920920920921,2.241841841841842
593,Random(p=0.8),999,11138,11.14914914914915,2.22982982982983
594,Random(p=0.8),999,11224,11.235235235235235,2.247047047047047
595,Random(p=0.8),999,11146,11.157157157157156,2.231431431431431
596,Random(p=0.8),999,11064,11.075075075075075,2.215015015015015
597,Random(p=0.8),999,11234,11.245245245245245,2.249049049049049
598,Random(p=0.8),999,11089,11.1001001001001,2.22002002002002
599,Random(p=0.8),999,11143,11.154154154154154,2.230830830830831
600,Tit-for-Tat,999,11945,11.956956956956956,2.3913913913913913
601,Tit-for-Tat,999,12008,12.02002002002002,2.404004004004004
602,Tit-for-Tat,999,12071,12.083083083083084,2.4166166166166168
603,Tit-for-Tat,999,12075,12.087087087087086,2.4174174174174174
604,Tit-for-Tat,999,12010,12.022022022022021,2.404404404404404
605,Tit-for-Tat,999,12047,12.05905905905906,2.4118118118118117
606,Tit-for-Tat,999,12039,12.05105105105105,2.4102102102102103
607,Tit-for-Tat,999,12069,12.08108108108108,2.416216216216216
608,Tit-for-Tat,999,11952,11.963963963963964,2.3927927927927928
609,Tit-for-Tat,999,12001,12.013013013013014,2.402602602602603
610,Tit-for-Tat,999,12049,12.06106106106106,2.412212212212212
611,Tit-for-Tat,999,12095,12.107107107107106,2.4214214214214214
612,Tit-for-Tat,999,11937,11.94894894894895,2.38978978978979
613,Tit-for-Tat,999,11984,11.995995995995996,2.399199199199199
614,Tit-for-Tat,999,12011,12.023023023023024,2.4046046046046046
615,Tit-for-Tat,999,11961,11.972972972972974,2.3945945945945946
616,Tit-for-Tat,999,12035,12.047047047047046,2.409409409409409
617,Tit-for-Tat,999,12048,12.06006006006006,2.412012012012012
618,Tit-for-Tat,999,12090,12.102102102102101,2.4204204204204203
619,Tit-for-Tat,999,12014,12.026026026026026,2.4052052052052053
620,Tit-for-Tat,999,12013,12.025025025025025,2.405005005005005
621,Tit-for-Tat,999,11999,12.01101101101101,2.402202202202202
622,Tit-for-Tat,999,12029,12.04104104104104,2.408208208208208
623,Tit-for-Tat,999,12024,12.036036036036036,2.407207207207207
624,Tit-for-Tat,999,12019,12.03103103103103,2.406206206206206
625,Tit-for-Tat,999,12099,12.11111111111111,2.422222222222222
626,Tit-for-Tat,999,11928,11.93993993993994,2.387987987987988
627,Tit-for-Tat,999,11995,12.007007007007006,2.4014014014014013
628,Tit-for-Tat,999,11963,11.974974974974975,2.394994994994995
629,Tit-for-Tat,999,11958,11.96996996996997,2.393993993993994
630,Tit-for-Tat,999,11966,11.977977977977979,2.3955955955955957
631,Tit-for-Tat,999,11987,11.998998998999,2.3997997997998
632,Tit-for-Tat,999,11951,11.962962962962964,2.392592592592593
633,Tit-for-Tat,999,11972,11.983983983983984,2.3967967967967967
634,Tit-for-Tat,999,11991,12.003003003003004,2.4006006006006007
635,Tit-for-Tat,999,12068,12.08008008008008,2.416016016016016
636,Tit-for-Tat,999,12008,12.02002002002002,2.404004004004004
637,Tit-for-Tat,999,11975,11.986986986986986,2.3973973973973974
638,Tit-for-Tat,999,11942,11.953953953953954,2.390790790790791
639,Tit-for-Tat,999,11991,12.003003003003004,2.4006006006006007
640,Tit-for-Tat,999,12003,12.015015015015015,2.403003003003003
641,Tit-for-Tat,999,11863,11.874874874874875,2.374974974974975
642,Tit-for-Tat,999,12032,12.044044044044044,2.408808808808809
643,Tit-for-Tat,999,12071,12.083083083083084,2.4166166166166168
644,Tit-for-Tat,999,11982,11.993993993993994,2.398798798798799
645,Tit-for-Tat,999,12009,12.02102102102102,2.404204204204204
646,Tit-for-Tat,999,11993,12.005005005005005,2.401001001001001
647,Tit-for-Tat,999,11968,11.97997997997998,2.395995995995996
648,Tit-for-Tat,999,11968,11.97997997997998,2.395995995995996
649,Tit-for-Tat,999,11893,11.904904904904905,2.380980980980981
650,Tit-for-Tat,999,12103,12.115115115115115,2.423023023023023
651,Tit-for-Tat,999,12015,12.027027027027026,2.4054054054054053
652,Tit-for-Tat,999,12030,12.042042042042041,2.408408408408408
653,Tit-for-Tat,999,12011,12.023023023023024,2.4046046046046046
654,Tit-for-Tat,999,11987,11.998998998999,2.3997997997998
655,Tit-for-Tat,999,12049,12.06106106106106,2.412212212212212
656,Tit-for-Tat,999,12035,12.047047047047046,2.409409409409409
657,Tit-for-Tat,999,11978,11.98998998998999,2.397997997997998
658,Tit-for-Tat,999,12021,12.033033033033034,2.4066066066066067
659,Tit-for-Tat,999,12003,12.015015015015015,2.403003003003003
660,Tit-for-Tat,999,12065,12.077077077077076,2.4154154154154153
661,Tit-for-Tat,999,12113,12.125125125125125,2.425025025025025
662,Tit-for-Tat,999,11971,11.982982982982984,2.3965965965965967
663,Tit-for-Tat,999,12001,12.013013013013014,2.402602602602603
664,Tit-for-Tat,999,11931,11.942942942942944,2.388588588588589
665,Tit-for-Tat,999,12077,12.08908908908909,2.417817817817818
666,Tit-for-Tat,999,12050,12.062062062062061,2.4124124124124124
667,Tit-for-Tat,999,12049,12.06106106106106,2.412212212212212
668,Tit-for-Tat,999,12002,12.014014014014014,2.402802802802803
669,Tit-for-Tat,999,12013,12.025025025025025,2.405005005005005
670,Tit-for-Tat,999,12012,12.024024024024024,2.404804804804805
671,Tit-for-Tat,999,11979,11.99099099099099,2.398198198198198
672,Tit-for-Tat,999,11924,11.935935935935936,2.387187187187187
673,Tit-for-Tat,999,12024,12.036036036036036,2.407207207207207
674,Tit-for-Tat,999,11933,11.944944944944945,2.388988988988989
675,Tit-for-Tat,999,11945,11.956956956956956,2.3913913913913913
676,Tit-for-Tat,999,11991,12.003003003003004,2.4006006006006007
677,Tit-for-Tat,999,11988,12.0,2.4
678,Tit-for-Tat,999,11998,12.01001001001001,2.402002002002002
679,Tit-for-Tat,999,12034,12.046046046046046,2.4092092092092092
680,Tit-for-Tat,999,12012,12.024024024024024,2.404804804804805
681,Tit-for-Tat,999,12099,12.11111111111111,2.422222222222222
682,Tit-for-Tat,999,12035,12.047047047047046,2.409409409409409
683,Tit-for-Tat,999,12096,12.108108108108109,2.4216216216216218
684,Tit-for-Tat,999,12038,12.05005005005005,2.41001001001001
685,Tit-for-Tat,999,12083,12.095095095095095,2.419019019019019
686,Tit-for-Tat,999,11918,11.92992992992993,2.385985985985986
687,Tit-for-Tat,999,12042,12.054054054054054,2.410810810810811
688,Tit-for-Tat,999,11944,11.955955955955956,2.391191191191191
689,Tit-for-Tat,999,12054,12.066066066066066,2.413213213213213
690,Tit-for-Tat,999,11998,12.01001001001001,2.402002002002002
691,Tit-for-Tat,999,12027,12.03903903903904,2.407807807807808
692,Tit-for-Tat,999,11937,11.94894894894895,2.38978978978979
693,Tit-for-Tat,999,12035,12.047047047047046,2.409409409409409
694,Tit-for-Tat,999,11985,11.996996996996996,2.399399399399399
695,Tit-for-Tat,999,12051,12.063063063063064,2.412612612612613
696,Tit-for-Tat,999,12005,12.017017017017016,2.403403403403403
697,Tit-for-Tat,999,12007,12.01901901901902,2.403803803803804
698,Tit-for-Tat,999,12058,12.07007007007007,2.414014014014014
699,Tit-for-Tat,999,12026,12.038038038038039,2.407607607607608
700,Tit-for-Tat,999,12033,12.045045045045045,2.409009009009009
701,Tit-for-Tat,999,11917,11.92892892892893,2.385785785785786
702,Tit-for-Tat,999,12010,12.022022022022021,2.404404404404404
703,Tit-for-Tat,999,12050,12.062062062062061,2.4124124124124124
704,Tit-for-Tat,999,11978,11.98998998998999,2.397997997997998
705,Tit-for-Tat,999,11946,11.957957957957959,2.3915915915915917
706,Tit-for-Tat,999,12036,12.048048048048049,2.4096096096096096
707,Tit-for-Tat,999,11974,11.985985985985986,2.397197197197197
708,Tit-for-Tat,999,12002,12.014014014014014,2.402802802802803
709,Tit-for-Tat,999,11971,11.982982982982984,2.3965965965965967
710,Tit-for-Tat,999,12096,12.108108108108109,2.4216216216216218
711,Tit-for-Tat,999,12036,12.048048048048049,2.4096096096096096
712,Tit-for-Tat,999,11979,11.99099099099099,2.398198198198198
713,Tit-for-Tat,999,11957,11.96896896896897,2.393793793793794
714,Tit-for-Tat,999,11992,12.004004004004004,2.400800800800801
715,Tit-for-Tat,999,12079,12.09109109109109,2.418218218218218
716,Tit-for-Tat,999,12082,12.094094094094094,2.418818818818819
717,Tit-for-Tat,999,11990,12.002002002002001,2.4004004004004003
718,Tit-for-Tat,999,12029,12.04104104104104,2.408208208208208
719,Tit-for-Tat,999,11966,11.977977977977979,2.3955955955955957
720,Tit-for-Tat,999,11968,11.97997997997998,2.395995995995996
721,Tit-for-Tat,999,11923,11.934934934934935,2.386986986986987
722,Tit-for-Tat,999,12047,12.05905905905906,2.4118118118118117
723,Tit-for-Tat,999,11965,11.976976976976976,2.3953953953953953
724,Tit-for-Tat,999,11950,11.961961961961961,2.3923923923923924
725,Tit-for-Tat,999,12080,12.092092092092091,2.418418418418418
726,Tit-for-Tat,999,12035,12.047047047047046,2.409409409409409
727,Tit-for-Tat,999,11991,12.003003003003004,2.4006006006006007
728,Tit-for-Tat,999,12013,12.025025025025025,2.405005005005005
729,Tit-for-Tat,999,12093,12.105105105105105,2.421021021021021
730,Tit-for-Tat,999,12056,12.068068068068069,2.413613613613614
731,Tit-for-Tat,999,11981,11.992992992992994,2.398598598598599
732,Tit-for-Tat,999,12095,12.107107107107106,2.4214214214214214
733,Tit-for-Tat,999,12049,12.06106106106106,2.412212212212212
734,Tit-for-Tat,999,12043,12.055055055055055,2.411011011011011
735,Tit-for-Tat,999,11999,12.01101101101101,2.402202202202202
736,Tit-for-Tat,999,12026,12.038038038038039,2.407607607607608
737,Tit-for-Tat,999,11991,12.003003003003004,2.4006006006006007
738,Tit-for-Tat,999,12029,12.04104104104104,2.408208208208208
739,Tit-for-Tat,999,11968,11.97997997997998,2.395995995995996
740,Tit-for-Tat,999,11983,11.994994994994995,2.398998998998999
741,Tit-for-Tat,999,11986,11.997997997997999,2.3995995995995996
742,Tit-for-Tat,999,12019,12.03103103103103,2.406206206206206
743,Tit-for-Tat,999,12025,12.037037037037036,2.4074074074074074
744,Tit-for-Tat,999,11921,11.932932932932934,2.3865865865865867
745,Tit-for-Tat,999,12037,12.04904904904905,2.40980980980981
746,Tit-for-Tat,999,11990,12.002002002002001,2.4004004004004003
747,Tit-for-Tat,999,11920,11.931931931931931,2.3863863863863863
748,Tit-for-Tat,999,12042,12.054054054054054,2.410810810810811
749,Tit-for-Tat,999,12111,12.123123123123124,2.4246246246246246
750,Tit-for-Tat,999,12045,12.057057057057056,2.4114114114114114
751,Tit-for-Tat,999,11951,11.962962962962964,2.392592592592593
752,Tit-for-Tat,999,11973,11.984984984984985,2.396996996996997
753,Tit-for-Tat,999,12044,12.056056056056056,2.411211211211211
754,Tit-for-Tat,999,11927,11.93893893893894,2.3877877877877878
755,Tit-for-Tat,999,11990,12.002002002002001,2.4004004004004003
756,Tit-for-Tat,999,12006,12.018018018018019,2.403603603603604
757,Tit-for-Tat,999,12067,12.07907907907908,2.415815815815816
758,Tit-for-Tat,999,11998,12.01001001001001,2.402002002002002
759,Tit-for-Tat,999,12014,12.026026026026026,2.4052052052052053
760,Tit-for-Tat,999,12026,12.038038038038039,2.407607607607608
761,Tit-for-Tat,999,11983,11.994994994994995,2.398998998998999
762,Tit-for-Tat,999,11999,12.01101101101101,2.402202202202202
763,Tit-for-Tat,999,12047,12.05905905905906,2.4118118118118117
764,Tit-for-Tat,999,11909,11.92092092092092,2.384184184184184
765,Tit-for-Tat,999,11980,11.991991991991991,2.398398398398398
766,Tit-for-Tat,999,12034,12.046046046046046,2.4092092092092092
767,Tit-for-Tat,999,11979,11.99099099099099,2.398198198198198
768,Tit-for-Tat,999,12143,12.155155155155155,2.431031031031031
769,Tit-for-Tat,999,12018,12.03003003003003,2.406006006006006
770,Tit-for-Tat,999,12102,12.114114114114114,2.422822822822823
771,Tit-for-Tat,999,11930,11.941941941941941,2.388388388388388
772,Tit-for-Tat,999,11997,12.00900900900901,2.4018018018018017
773,Tit-for-Tat,999,11885,11.896896896896896,2.379379379379379
774,Tit-for-Tat,999,11972,11.983983983983984,2.3967967967967967
775,Tit-for-Tat,999,12031,12.043043043043044,2.408608608608609
776,Tit-for-Tat,999,11998,12.01001001001001,2.402002002002002
777,Tit-for-Tat,999,11937,11.94894894894895,2.38978978978979
778,Tit-for-Tat,999,11977,11.98898898898899,2.397797797797798
779,Tit-for-Tat,999,12027,12.03903903903904,2.407807807807808
780,Tit-for-Tat,999,11982,11.993993993993994,2.398798798798799
781,Tit-for-Tat,999,11986,11.997997997997999,2.3995995995995996
782,Tit-for-Tat,999,11930,11.941941941941941,2.388388388388388
783,Tit-for-Tat,999,11993,12.005005005005005,2.401001001001001
784,Tit-for-Tat,999,11999,12.01101101101101,2.402202202202202
785,Tit-for-Tat,999,12030,12.042042042042041,2.408408408408408
786,Tit-for-Tat,999,11930,11.941941941941941,2.388388388388388
787,Tit-for-Tat,999,12127,12.13913913913914,2.427827827827828
788,Tit-for-Tat,999,12106,12.118118118118119,2.423623623623624
789,Tit-for-Tat,999,12026,12.038038038038039,2.407607607607608
790,Tit-for-Tat,999,11921,11.932932932932934,2.3865865865865867
791,Tit-for-Tat,999,12001,12.013013013013014,2.402602602602603
792,Tit-for-Tat,999,12063,12.075075075075075,2.415015015015015
793,Tit-for-Tat,999,11996,12.008008008008009,2.4016016016016017
794,Tit-for-Tat,999,11975,11.986986986986986,2.3973973973973974
795,Tit-for-Tat,999,12089,12.1011011011011,2.4202202202202203
796,Tit-for-Tat,999,12083,12.095095095095095,2.419019019019019
797,Tit-for-Tat,999,12003,12.015015015015015,2.403003003003003
798,Tit-for-Tat,999,12028,12.04004004004004,2.408008008008008
799,Tit-for-Tat,999,11983,11.994994994994995,2.398998998998999
800,Tit-for-Tat,999,11934,11.945945945945946,2.389189189189189
801,Tit-for-Tat,999,12002,12.014014014014014,2.402802802802803
802,Tit-for-Tat,999,12070,12.082082082082081,2.4164164164164164
803,Tit-for-Tat,999,12038,12.05005005005005,2.41001001001001
804,Tit-for-Tat,999,12021,12.033033033033034,2.4066066066066067
805,Tit-for-Tat,999,11998,12.01001001001001,2.402002002002002
806,Tit-for-Tat,999,11878,11.88988988988989,2.377977977977978
807,Tit-for-Tat,999,12092,12.104104104104104,2.420820820820821
808,Tit-for-Tat,999,11960,11.971971971971971,2.394394394394394
809,Tit-for-Tat,999,12011,12.023023023023024,2.4046046046046046
810,Tit-for-Tat,999,11934,11.945945945945946,2.389189189189189
811,Tit-for-Tat,999,12033,12.045045045045045,2.409009009009009
812,Tit-for-Tat,999,12039,12.05105105105105,2.4102102102102103
813,Tit-for-Tat,999,11956,11.967967967967969,2.393593593593594
814,Tit-for-Tat,999,12083,12.095095095095095,2.419019019019019
815,Tit-for-Tat,999,12044,12.056056056056056,2.411211211211211
816,Tit-for-Tat,999,11992,12.004004004004004,2.400800800800801
817,Tit-for-Tat,999,11976,11.987987987987989,2.397597597597598
818,Tit-for-Tat,999,11996,12.008008008008009,2.4016016016016017
819,Tit-for-Tat,999,11976,11.987987987987989,2.397597597597598
820,Tit-for-Tat,999,11971,11.982982982982984,2.3965965965965967
821,Tit-for-Tat,999,11961,11.972972972972974,2.3945945945945946
822,Tit-for-Tat,999,12074,12.086086086086086,2.417217217217217
823,Tit-for-Tat,999,12011,12.023023023023024,2.4046046046046046
824,Tit-for-Tat,999,11990,12.002002002002001,2.4004004004004003
825,Tit-for-Tat,999,12000,12.012012012012011,2.4024024024024024
826,Tit-for-Tat,999,12004,12.016016016016016,2.403203203203203
827,Tit-for-Tat,999,11957,11.96896896896897,2.393793793793794
828,Tit-for-Tat,999,12084,12.096096096096096,2.4192192192192192
829,Tit-for-Tat,999,11982,11.993993993993994,2.398798798798799
830,Tit-for-Tat,999,11982,11.993993993993994,2.398798798798799
831,Tit-for-Tat,999,11978,11.98998998998999,2.397997997997998
832,Tit-for-Tat,999,11924,11.935935935935936,2.387187187187187
833,Tit-for-Tat,999,11948,11.95995995995996,2.391991991991992
834,Tit-for-Tat,999,11989,12.001001001001,2.4002002002002003
835,Tit-for-Tat,999,11988,12.0,2.4
836,Tit-for-Tat,999,11997,12.00900900900901,2.4018018018018017
837,Tit-for-Tat,999,12038,12.05005005005005,2.41001001001001
838,Tit-for-Tat,999,12112,12.124124124124124,2.424824824824825
839,Tit-for-Tat,999,12002,12.014014014014014,2.402802802802803
840,Tit-for-Tat,999,12016,12.028028028028029,2.4056056056056057
841,Tit-for-Tat,999,12020,12.032032032032031,2.4064064064064064
842,Tit-for-Tat,999,12058,12.07007007007007,2.414014014014014
843,Tit-for-Tat,999,11949,11.96096096096096,2.392192192192192
844,Tit-for-Tat,999,12002,12.014014014014014,2.402802802802803
845,Tit-for-Tat,999,11974,11.985985985985986,2.397197197197197
846,Tit-for-Tat,999,12056,12.068068068068069,2.413613613613614
847,Tit-for-Tat,999,11969,11.98098098098098,2.396196196196196
848,Tit-for-Tat,999,12111,12.123123123123124,2.4246246246246246
849,Tit-for-Tat,999,11980,11.991991991991991,2.398398398398398
850,Tit-for-Tat,999,12086,12.098098098098099,2.4196196196196196
851,Tit-for-Tat,999,12000,12.012012012012011,2.4024024024024024
852,Tit-for-Tat,999,11997,12.00900900900901,2.4018018018018017
853,Tit-for-Tat,999,12039,12.05105105105105,2.4102102102102103
854,Tit-for-Tat,999,11978,11.98998998998999,2.397997997997998
855,Tit-for-Tat,999,11983,11.994994994994995,2.398998998998999
856,Tit-for-Tat,999,12018,12.03003003003003,2.406006006006006
857,Tit-for-Tat,999,11970,11.981981981981981,2.3963963963963963
858,Tit-for-Tat,999,11986,11.997997997997999,2.3995995995995996
859,Tit-for-Tat,999,12036,12.048048048048049,2.4096096096096096
860,Tit-for-Tat,999,12079,12.09109109109109,2.418218218218218
861,Tit-for-Tat,999,12011,12.023023023023024,2.4046046046046046
862,Tit-for-Tat,999,11993,12.005005005005005,2.401001001001001
863,Tit-for-Tat,999,11959,11.97097097097097,2.394194194194194
864,Tit-for-Tat,999,12007,12.01901901901902,2.403803803803804
865,Tit-for-Tat,999,12014,12.026026026026026,2.4052052052052053
866,Tit-for-Tat,999,11937,11.94894894894895,2.38978978978979
867,Tit-for-Tat,999,12018,12.03003003003003,2.406006006006006
868,Tit-for-Tat,999,11997,12.00900900900901,2.4018018018018017
869,Tit-for-Tat,999,11930,11.941941941941941,2.388388388388388
870,Tit-for-Tat,999,11958,11.96996996996997,2.393993993993994
871,Tit-for-Tat,999,12085,12.097097097097096,2.419419419419419
872,Tit-for-Tat,999,11992,12.004004004004004,2.400800800800801
873,Tit-for-Tat,999,11980,11.991991991991991,2.398398398398398
874,Tit-for-Tat,999,11965,11.976976976976976,2.3953953953953953
875,Tit-for-Tat,999,11967,11.97897897897898,2.395795795795796
876,Tit-for-Tat,999,12028,12.04004004004004,2.408008008008008
877,Tit-for-Tat,999,12060,12.072072072072071,2.414414414414414
878,Tit-for-Tat,999,11975,11.986986986986986,2.3973973973973974
879,Tit-for-Tat,999,11974,11.985985985985986,2.397197197197197
880,Tit-for-Tat,999,11978,11.98998998998999,2.397997997997998
881,Tit-for-Tat,999,12003,12.015015015015015,2.403003003003003
882,Tit-for-Tat,999,11947,11.95895895895896,2.3917917917917917
883,Tit-for-Tat,999,12002,12.014014014014014,2.402802802802803
884,Tit-for-Tat,999,12072,12.084084084084084,2.4168168168168167
885,Tit-for-Tat,999,12021,12.033033033033034,2.4066066066066067
886,Tit-for-Tat,999,12033,12.045045045045045,2.409009009009009
887,Tit-for-Tat,999,12005,12.017017017017016,2.403403403403403
888,Tit-for-Tat,999,12010,12.022022022022021,2.404404404404404
889,Tit-for-Tat,999,11999,12.01101101101101,2.402202202202202
890,Tit-for-Tat,999,12004,12.016016016016016,2.403203203203203
891,Tit-for-Tat,999,12060,12.072072072072071,2.414414414414414
892,Tit-for-Tat,999,11900,11.911911911911911,2.3823823823823824
893,Tit-for-Tat,999,12038,12.05005005005005,2.41001001001001
894,Tit-for-Tat,999,12069,12.08108108108108,2.416216216216216
895,Tit-for-Tat,999,11942,11.953953953953954,2.390790790790791
896,Tit-for-Tat,999,11937,11.94894894894895,2.38978978978979
897,Tit-for-Tat,999,11998,12.01001001001001,2.402002002002002
898,Tit-for-Tat,999,11984,11.995995995995996,2.399199199199199
899,Tit-for-Tat,999,12054,12.066066066066066,2.413213213213213
900,Tit-for-Tat,999,12010,12.022022022022021,2.404404404404404
901,Tit-for-Tat,999,11975,11.986986986986986,2.3973973973973974
902,Tit-for-Tat,999,12056,12.068068068068069,2.413613613613614
903,Tit-for-Tat,999,12032,12.044044044044044,2.408808808808809
904,Tit-for-Tat,999,11984,11.995995995995996,2.399199199199199
905,Tit-for-Tat,999,12092,12.104104104104104,2.420820820820821
906,Tit-for-Tat,999,12011,12.023023023023024,2.4046046046046046
907,Tit-for-Tat,999,11899,11.91091091091091,2.382182182182182
908,Tit-for-Tat,999,11952,11.963963963963964,2.3927927927927928
909,Tit-for-Tat,999,12047,12.05905905905906,2.4118118118118117
910,Tit-for-Tat,999,11902,11.913913913913914,2.3827827827827828
911,Tit-for-Tat,999,11991,12.003003003003004,2.4006006006006007
912,Tit-for-Tat,999,11882,11.893893893893894,2.378778778778779
913,Tit-for-Tat,999,11992,12.004004004004004,2.400800800800801
914,Tit-for-Tat,999,12004,12.016016016016016,2.403203203203203
915,Tit-for-Tat,999,12018,12.03003003003003,2.406006006006006
916,Tit-for-Tat,999,12012,12.024024024024024,2.404804804804805
917,Tit-for-Tat,999,11956,11.967967967967969,2.393593593593594
918,Tit-for-Tat,999,11938,11.94994994994995,2.38998998998999
919,Tit-for-Tat,999,11944,11.955955955955956,2.391191191191191
920,Tit-for-Tat,999,11999,12.01101101101101,2.402202202202202
921,Tit-for-Tat,999,11921,11.932932932932934,2.3865865865865867
922,Tit-for-Tat,999,11945,11.956956956956956,2.3913913913913913
923,Tit-for-Tat,999,11968,11.97997997997998,2.395995995995996
924,Tit-for-Tat,999,12095,12.107107107107106,2.4214214214214214
925,Tit-for-Tat,999,11993,12.005005005005005,2.401001001001001
926,Tit-for-Tat,999,11997,12.00900900900901,2.4018018018018017
927,Tit-for-Tat,999,12044,12.056056056056056,2.411211211211211
928,Tit-for-Tat,999,11961,11.972972972972974,2.3945945945945946
929,Tit-for-Tat,999,12015,12.027027027027026,2.4054054054054053
930,Tit-for-Tat,999,11960,11.971971971971971,2.394394394394394
931,Tit-for-Tat,999,12001,12.013013013013014,2.402602602602603
932,Tit-for-Tat,999,11986,11.997997997997999,2.3995995995995996
933,Tit-for-Tat,999,12096,12.108108108108109,2.4216216216216218
934,Tit-for-Tat,999,11995,12.007007007007006,2.4014014014014013
935,Tit-for-Tat,999,12022,12.034034034034034,2.4068068068068067
936,Tit-for-Tat,999,11990,12.002002002002001,2.4004004004004003
937,Tit-for-Tat,999,11954,11.965965965965966,2.393193193193193
938,Tit-for-Tat,999,12003,12.015015015015015,2.403003003003003
939,Tit-for-Tat,999,12070,12.082082082082081,2.4164164164164164
940,Tit-for-Tat,999,12028,12.04004004004004,2.408008008008008
941,Tit-for-Tat,999,11920,11.931931931931931,2.3863863863863863
942,Tit-for-Tat,999,12030,12.042042042042041,2.408408408408408
943,Tit-for-Tat,999,12002,12.014014014014014,2.402802802802803
944,Tit-for-Tat,999,11986,11.997997997997999,2.3995995995995996
945,Tit-for-Tat,999,12019,12.03103103103103,2.406206206206206
946,Tit-for-Tat,999,11877,11.88888888888889,2.3777777777777778
947,Tit-for-Tat,999,12007,12.01901901901902,2.403803803803804
948,Tit-for-Tat,999,12004,12.016016016016016,2.403203203203203
949,Tit-for-Tat,999,11966,11.977977977977979,2.3955955955955957
950,Tit-for-Tat,999,11989,12.001001001001,2.4002002002002003
951,Tit-for-Tat,999,11999,12.01101101101101,2.402202202202202
952,Tit-for-Tat,999,11948,11.95995995995996,2.391991991991992
953,Tit-for-Tat,999,11967,11.97897897897898,2.395795795795796
954,Tit-for-Tat,999,11974,11.985985985985986,2.397197197197197
955,Tit-for-Tat,999,12002,12.014014014014014,2.402802802802803
956,Tit-for-Tat,999,11972,11.983983983983984,2.3967967967967967
957,Tit-for-Tat,999,12033,12.045045045045045,2.409009009009009
958,Tit-for-Tat,999,12024,12.036036036036036,2.407207207207207
959,Tit-for-Tat,999,11995,12.007007007007006,2.4014014014014013
960,Tit-for-Tat,999,12071,12.083083083083084,2.4166166166166168
961,Tit-for-Tat,999,11998,12.01001001001001,2.402002002002002
962,Tit-for-Tat,999,12003,12.015015015015015,2.403003003003003
963,Tit-for-Tat,999,12016,12.028028028028029,2.4056056056056057
964,Tit-for-Tat,999,12014,12.026026026026026,2.4052052052052053
965,Tit-for-Tat,999,11933,11.944944944944945,2.388988988988989
966,Tit-for-Tat,999,12068,12.08008008008008,2.416016016016016
967,Tit-for-Tat,999,11995,12.007007007007006,2.4014014014014013
968,Tit-for-Tat,999,12059,12.07107107107107,2.4142142142142142
969,Tit-for-Tat,999,12036,12.048048048048049,2.4096096096096096
970,Tit-for-Tat,999,11972,11.983983983983984,2.3967967967967967
971,Tit-for-Tat,999,12044,12.056056056056056,2.411211211211211
972,Tit-for-Tat,999,12016,12.028028028028029,2.4056056056056057
973,Tit-for-Tat,999,11995,12.007007007007006,2.4014014014014013
974,Tit-for-Tat,999,11971,11.982982982982984,2.3965965965965967
975,Tit-for-Tat,999,11977,11.98898898898899,2.397797797797798
976,Tit-for-Tat,999,12000,12.012012012012011,2.4024024024024024
977,Tit-for-Tat,999,12016,12.028028028028029,2.4056056056056057
978,Tit-for-Tat,999,11990,12.002002002002001,2.4004004004004003
979,Tit-for-Tat,999,11960,11.971971971971971,2.394394394394394
980,Tit-for-Tat,999,12060,12.072072072072071,2.414414414414414
981,Tit-for-Tat,999,12003,12.015015015015015,2.403003003003003
982,Tit-for-Tat,999,12003,12.015015015015015,2.403003003003003
983,Tit-for-Tat,999,11902,11.913913913913914,2.3827827827827828
984,Tit-for-Tat,999,12058,12.07007007007007,2.414014014014014
985,Tit-for-Tat,999,12023,12.035035035035035,2.407007007007007
986,Tit-for-Tat,999,12034,12.046046046046046,2.4092092092092092
987,Tit-for-Tat,999,12024,12.036036036036036,2.407207207207207
988,Tit-for-Tat,999,12062,12.074074074074074,2.414814814814815
989,Tit-for-Tat,999,12048,12.06006006006006,2.412012012012012
990,Tit-for-Tat,999,12001,12.013013013013014,2.402602602602603
991,Tit-for-Tat,999,12055,12.067067067067066,2.413413413413413
992,Tit-for-Tat,999,12009,12.02102102102102,2.404204204204204
993,Tit-for-Tat,999,12065,12.077077077077076,2.4154154154154153
994,Tit-for-Tat,999,12044,12.056056056056056,2.411211211211211
995,Tit-for-Tat,999,11987,11.998998998999,2.3997997997998
996,Tit-for-Tat,999,12021,12.033033033033034,2.4066066066066067
997,Tit-for-Tat,999,11986,11.997997997997999,2.3995995995995996
998,Tit-for-Tat,999,11944,11.955955955955956,2.391191191191191
999,Tit-for-Tat,999,11983,11.994994994994995,2.398998998998999
